City_ID,City,Lat,Lng,Max Temp,Humidity,Cloudiness,Wind Speed,Country,Date
0,butaritari,3.0707,172.7902,27.23,79,99,8.19,KI,1674619315
1,saint george,37.1041,-113.5841,4.41,46,14,3.13,US,1674619026
2,dikson,73.5069,80.5464,-18.42,93,100,12.67,RU,1674619316
3,yining,29.0361,114.5636,6.24,33,0,0.17,CN,1674619316
4,lucea,18.451,-78.1736,23.25,73,34,4.76,JM,1674619317
5,san patricio,28.017,-97.5169,15.47,53,0,7.72,US,1674619317
6,ranong,9.9658,98.6348,28.75,61,100,6.16,TH,1674619318
7,la ronge,55.1001,-105.2842,-8.88,86,100,2.57,CA,1674619319
8,yelahanka,13.1075,77.6003,23.4,90,40,5.14,IN,1674619319
9,eureka,40.8021,-124.1637,9.4,92,42,0.89,US,1674619093
10,punta arenas,-53.15,-70.9167,10.06,53,75,8.23,CL,1674618532
11,meadow lake,34.8014,-106.5436,1.18,55,67,5.58,US,1674619216
12,thompson,55.7435,-97.8558,-29.57,100,33,1.61,CA,1674619221
13,rocha,-34.4833,-54.3333,18.13,66,100,2.98,UY,1674619322
14,kaitangata,-46.2817,169.8464,17.23,74,87,2.39,NZ,1674619323
15,cabo san lucas,22.8909,-109.9124,18.62,67,84,0.89,MX,1674619039
16,east london,-33.0153,27.9116,19.49,83,100,4.78,ZA,1674619278
17,new norfolk,-42.7826,147.0587,25.4,42,98,1.79,AU,1674619325
18,saint anthony,45.0205,-93.218,-1.04,89,100,3.09,US,1674619326
19,dehui,44.5333,125.7,-15.21,43,100,5.84,CN,1674619327
20,akureyri,65.6835,-18.0878,1.59,98,89,4.8,IS,1674619328
21,seoul,37.5683,126.9778,-9.34,32,0,1.03,KR,1674618980
22,dingle,10.9995,122.6711,27.0,75,49,8.9,PH,1674619329
23,cherskiy,68.75,161.3,-30.09,96,100,0.26,RU,1674619330
24,dunedin,-45.8742,170.5036,19.33,73,44,0.89,NZ,1674618870
25,vaini,-21.2,-175.2,27.5,71,14,5.54,TO,1674619331
26,dakar,14.6937,-17.4441,19.49,78,56,4.0,SN,1674619333
27,rikitea,-23.1203,-134.9692,26.2,79,17,7.75,PF,1674619333
28,albany,42.6001,-73.9662,0.37,87,63,2.59,US,1674619232
29,laguna,38.421,-121.4238,10.73,84,0,0.0,US,1674619335
30,bilibino,68.0546,166.4372,-25.79,71,100,2.03,RU,1674619335
31,kajiado,-1.8524,36.7768,14.06,86,100,3.31,KE,1674619178
32,yellowknife,62.456,-114.3525,-18.71,84,40,1.03,CA,1674619161
33,cape town,-33.9258,18.4232,17.99,64,0,4.02,ZA,1674618824
34,kapaa,22.0752,-159.319,24.99,80,19,1.79,US,1674619338
35,bluff,-46.6,168.3333,16.22,69,16,5.47,NZ,1674619272
36,port blair,11.6667,92.75,28.02,74,100,5.14,IN,1674619340
37,kruisfontein,-34.0033,24.7314,16.6,64,40,2.04,ZA,1674619340
38,pokhara,28.2333,83.9833,21.29,22,9,2.04,NP,1674619096
39,tasiilaq,65.6145,-37.6368,-6.91,63,62,2.46,GL,1674619342
40,grand gaube,-20.0064,57.6608,23.54,86,100,1.79,MU,1674619342
41,alice springs,-23.7,133.8833,33.75,20,83,0.0,AU,1674619343
42,chokurdakh,70.6333,147.9167,-32.86,96,100,1.15,RU,1674619344
43,provideniya,64.3833,-173.3,-14.94,56,0,5.0,RU,1674619345
44,hilo,19.7297,-155.09,24.6,88,30,2.24,US,1674619059
45,airai,-8.9266,125.4092,20.33,80,100,1.14,TL,1674619346
46,suchedniow,51.0478,20.8292,2.79,85,100,1.54,PL,1674619347
47,minab,27.1467,57.0801,13.41,23,9,6.55,IR,1674619348
48,chara,56.9064,118.2631,-27.48,90,100,0.66,RU,1674619349
49,qaanaaq,77.484,-69.3632,-17.66,63,90,4.5,GL,1674619350
50,senekal,-28.3197,27.6208,17.45,76,5,9.42,ZA,1674619351
51,vestmannaeyjar,63.4427,-20.2734,2.95,76,100,18.23,IS,1674619352
52,saldanha,-33.0117,17.9442,16.55,65,0,8.26,ZA,1674619352
53,lebu,-37.6167,-73.65,13.68,75,0,7.22,CL,1674619353
54,darab,28.7519,54.5444,4.67,82,99,1.82,IR,1674619354
55,ushuaia,-54.8,-68.3,3.3,98,43,4.32,AR,1674619355
56,esperance,-33.8667,121.9,21.22,68,8,7.57,AU,1674619356
57,upernavik,72.7868,-56.1549,-14.15,93,100,7.03,GL,1674619356
58,hobart,-42.8794,147.3294,25.59,59,75,6.17,AU,1674619357
59,vaitape,-16.5167,-151.75,27.54,75,100,6.74,PF,1674619358
60,kisangani,0.5167,25.2,20.38,94,49,1.87,CD,1674619359
61,port elizabeth,-33.918,25.5701,17.83,82,82,2.24,ZA,1674619359
62,souillac,-20.5167,57.5167,23.21,94,75,1.54,MU,1674619360
63,mataura,-46.1927,168.8643,21.91,41,21,3.21,NZ,1674619361
64,mar del plata,-38.0023,-57.5575,19.41,73,56,6.26,AR,1674619236
65,berlevag,70.8578,29.0864,0.89,80,100,7.2,NO,1674619362
66,atuona,-9.8,-139.0333,25.83,79,15,7.21,PF,1674619363
67,quatre cocos,-20.2078,57.7625,23.38,91,100,2.98,MU,1674619363
68,saskylakh,71.9167,114.0833,-26.24,99,100,2.01,RU,1674619364
69,tema,5.667,-0.0166,26.84,79,16,3.7,GH,1674619365
70,kloulklubed,7.0419,134.2556,28.28,80,67,6.81,PW,1674619366
71,aswan,24.0934,32.907,13.93,47,0,3.36,EG,1674619366
72,coquimbo,-29.9533,-71.3436,16.85,100,0,2.06,CL,1674618797
73,aklavik,68.2191,-135.0107,-19.75,96,100,4.81,CA,1674619367
74,ortakoy,38.7373,34.0387,-7.86,76,6,1.1,TR,1674619368
75,plettenberg bay,-34.0527,23.3716,17.55,63,95,0.82,ZA,1674619368
76,port hueneme,34.1478,-119.1951,13.77,68,1,2.23,US,1674619080
77,georgetown,5.4112,100.3354,28.96,82,20,1.54,MY,1674619369
78,abalak,58.1286,68.5944,-11.0,93,99,4.72,RU,1674619370
79,inhambane,-23.865,35.3833,26.59,78,33,6.1,MZ,1674619371
80,busselton,-33.65,115.3333,26.75,34,2,2.44,AU,1674619371
81,longyearbyen,78.2186,15.6401,-5.09,68,40,9.77,SJ,1674619372
82,kayes,14.0,-11.0,26.03,15,31,2.19,ML,1674619372
83,arraial do cabo,-22.9661,-42.0278,23.81,90,100,4.32,BR,1674619373
84,kavaratti,10.5669,72.642,25.57,82,100,6.96,IN,1674619374
85,pueblo,38.2545,-104.6091,0.42,58,100,0.89,US,1674618881
86,port macquarie,-31.4333,152.9167,27.72,66,9,5.75,AU,1674619375
87,lokhvytsya,50.3678,33.2602,-3.25,79,1,1.75,UA,1674619375
88,saint-francois,46.4154,3.9054,2.69,81,100,2.06,FR,1674619376
89,the valley,18.217,-63.0578,25.05,74,22,6.98,AI,1674619376
90,yeppoon,-23.1333,150.7333,31.88,62,0,4.44,AU,1674619377
91,noyabrsk,63.1994,75.4507,-14.98,97,100,7.64,RU,1674619378
92,riyadh,24.6877,46.7219,13.08,92,3,3.11,SA,1674619190
93,grass valley,39.2191,-121.0611,7.06,73,17,3.13,US,1674619379
94,te anau,-45.4167,167.7167,22.49,33,28,2.82,NZ,1674619300
95,fortuna,40.5982,-124.1573,9.25,96,0,0.0,US,1674619379
96,jamestown,42.097,-79.2353,-3.58,61,99,1.21,US,1674619234
97,victoria,22.2855,114.1577,12.2,55,78,2.68,HK,1674619367
98,bawku,11.0616,-0.2417,25.25,20,71,1.53,GH,1674619381
99,micheweni,-4.9667,39.8333,26.75,80,81,5.19,TZ,1674619381
100,hermanus,-34.4187,19.2345,14.88,65,11,2.92,ZA,1674619383
101,lawrence,38.9717,-95.2353,2.34,84,100,0.0,US,1674618675
102,shimoda,34.6667,138.95,2.84,39,56,11.27,JP,1674619384
103,bredasdorp,-34.5322,20.0403,13.37,65,2,0.82,ZA,1674619385
104,baykit,61.67,96.37,-33.73,99,65,0.44,RU,1674619386
105,bengkulu,-3.8004,102.2655,27.69,68,100,2.71,ID,1674619387
106,vieques,18.425,-65.8329,26.01,73,40,5.66,PR,1674618823
107,tuktoyaktuk,69.4541,-133.0374,-20.0,84,100,7.2,CA,1674619388
108,sioux lookout,50.1001,-91.917,-13.76,98,95,1.54,CA,1674619389
109,monroe,43.1501,-77.6831,1.09,81,82,0.45,US,1674618974
110,lata,40.1629,-8.3327,5.6,84,0,1.84,PT,1674619391
111,daru,-9.0763,143.2092,29.78,68,96,3.07,PG,1674619392
112,meteti,8.4983,-77.9786,23.21,98,77,1.48,PA,1674619393
113,sept-iles,50.2001,-66.3821,-10.53,66,1,4.92,CA,1674619289
114,sawtell,-30.3833,153.1,28.99,74,6,5.14,AU,1674619394
115,malegaon,20.55,74.5333,20.13,34,100,2.21,IN,1674619395
116,bethel,41.3712,-73.414,2.74,67,100,0.0,US,1674619396
117,gashua,12.871,11.0482,19.94,14,57,4.02,NG,1674619397
118,namatanai,-3.6667,152.4333,28.67,70,98,2.74,PG,1674619371
119,uyuni,-20.4597,-66.825,12.99,44,100,0.84,BO,1674619398
120,karratha,-20.7377,116.8463,33.78,48,58,2.67,AU,1674619398
121,mbabane,-26.3167,31.1333,14.58,96,41,1.37,SZ,1674619399
122,barrow,71.2906,-156.7887,-23.99,77,0,9.26,US,1674619401
123,nyurba,63.2842,118.3319,-41.69,98,91,1.45,RU,1674619401
124,port alfred,-33.5906,26.891,17.88,81,100,0.45,ZA,1674619402
125,severo-kurilsk,50.6789,156.125,-2.51,94,100,30.08,RU,1674619403
126,goma,-1.6792,29.2228,15.8,88,93,1.65,CD,1674619404
127,severobaykalsk,55.65,109.3167,-26.53,91,99,1.09,RU,1674619405
128,abha,18.2164,42.5053,9.53,78,7,1.57,SA,1674619266
129,norman wells,65.282,-126.8329,-22.82,98,77,0.65,CA,1674619407
130,south lake tahoe,38.9332,-119.9844,-1.69,67,4,1.58,US,1674619259
131,ligatne,57.2343,25.0406,0.14,98,100,3.51,LV,1674619408
132,castro,-24.7911,-50.0119,16.21,84,1,1.26,BR,1674619409
133,bathsheba,13.2167,-59.5167,25.34,83,75,5.14,BB,1674619410
134,broome,42.2506,-75.833,-0.57,80,100,1.54,US,1674619411
135,gat,31.61,34.7642,14.11,71,0,0.99,IL,1674619412
136,saint-pierre,-21.3393,55.4781,24.82,88,0,2.06,RE,1674619413
137,alekseyevsk,57.8406,108.3492,-20.87,93,100,2.43,RU,1674619414
138,lompoc,34.6391,-120.4579,9.21,85,0,0.0,US,1674619414
139,willowmore,-33.2926,23.4895,14.59,69,74,3.3,ZA,1674619415
140,mahebourg,-20.4081,57.7,23.47,94,75,1.54,MU,1674619416
141,yar-sale,66.8333,70.8333,-15.12,94,100,3.7,RU,1674619416
142,lazaro cardenas,17.9583,-102.2,22.3,71,0,1.89,MX,1674619417
143,avarua,-21.2078,-159.775,28.03,69,43,2.57,CK,1674619417
144,meulaboh,4.1363,96.1285,28.49,68,55,3.89,ID,1674619418
145,acapulco,16.8634,-99.8901,24.28,66,0,2.97,MX,1674618671
146,seredka,58.1584,28.1858,-2.14,95,100,3.47,RU,1674619419
147,belmonte,-15.8631,-38.8828,25.21,86,33,4.04,BR,1674618905
148,klaksvik,62.2266,-6.589,6.51,83,21,13.5,FO,1674619420
149,carbonia,39.1672,8.5222,4.45,92,100,1.35,IT,1674619255
150,krasnoselkup,65.7,82.4667,-21.51,98,100,8.0,RU,1674619421
151,nogales,31.3086,-110.9422,3.57,60,0,3.09,MX,1674619422
152,lerwick,60.1545,-1.1494,9.0,85,99,10.9,GB,1674619423
153,port hedland,-20.3167,118.5667,36.03,46,75,3.6,AU,1674619424
154,hithadhoo,-0.6,73.0833,27.51,75,98,5.08,MV,1674619424
155,codrington,-38.2667,141.9667,21.94,52,24,7.5,AU,1674619425
156,phon thong,16.3016,103.9768,23.36,41,28,6.75,TH,1674619426
157,college,64.8569,-147.8028,-16.78,82,75,1.54,US,1674619426
158,ribeira grande,38.5167,-28.7,14.87,89,10,1.79,PT,1674619427
159,jumla,29.2747,82.1838,6.81,73,98,2.94,NP,1674619428
160,maragogi,-9.0122,-35.2225,24.51,78,11,2.85,BR,1674619428
161,mouila,-1.8685,11.0559,22.25,98,94,0.65,GA,1674619429
162,pevek,69.7008,170.3133,-26.21,76,60,0.9,RU,1674619430
163,thinadhoo,0.5333,72.9333,27.2,76,99,4.75,MV,1674619430
164,sitka,57.0531,-135.33,6.56,97,100,3.08,US,1674619236
165,taywarah,33.35,64.4167,-15.78,74,1,2.08,AF,1674619432
166,havoysund,70.9963,24.6622,1.13,62,100,6.9,NO,1674619433
167,vao,-22.6667,167.4833,26.68,81,6,3.58,NC,1674619434
168,kyren,51.6828,102.1408,-16.4,82,97,0.1,RU,1674619434
169,paamiut,61.994,-49.6678,2.67,63,100,14.41,GL,1674619435
170,sinnamary,5.3833,-52.95,23.35,76,2,3.78,GF,1674619436
171,scarborough,54.2797,-0.4044,7.96,92,96,0.89,GB,1674619436
172,flinders,-34.5833,150.8552,27.81,69,5,4.83,AU,1674619437
173,kiunga,-6.1219,141.2906,34.61,47,96,1.17,PG,1674619437
174,mataram,-8.5833,116.1167,31.45,71,99,3.2,ID,1674619438
175,ampanihy,-24.7,44.75,24.23,77,100,7.54,MG,1674619439
176,lagoa,39.05,-27.9833,15.23,84,36,9.37,PT,1674619439
177,tura,25.5198,90.2201,24.42,35,5,0.69,IN,1674619440
178,assiniboia,49.6334,-105.9845,-8.1,93,99,0.51,CA,1674619145
179,navrongo,10.8956,-1.0921,25.29,19,26,2.92,GH,1674619441
180,sola,-13.8833,167.55,27.97,76,38,6.09,VU,1674619443
181,tukrah,32.5341,20.5791,14.83,64,100,8.68,LY,1674619444
182,anadyr,64.75,177.4833,-20.72,65,0,3.0,RU,1674619273
183,keetmanshoop,-26.5833,18.1333,16.9,57,0,2.36,NA,1674619446
184,chuy,-33.6971,-53.4616,18.38,73,69,2.63,UY,1674619447
185,torbay,47.6666,-52.7314,1.43,91,100,11.83,CA,1674618868
186,kalmunai,7.4167,81.8167,25.7,72,97,2.54,LK,1674619449
187,collie,-33.3667,116.15,28.27,22,1,3.93,AU,1674619052
188,pafos,34.7667,32.4167,8.88,66,20,3.6,CY,1674619450
189,tekeli,44.83,78.8239,-10.94,82,22,2.43,KZ,1674619451
190,recife,-8.0539,-34.8811,25.59,74,8,2.99,BR,1674619347
191,sambava,-14.2667,50.1667,24.53,85,89,2.5,MG,1674619453
192,tongren,27.7172,109.1853,6.57,30,3,1.43,CN,1674619454
193,puerto ayora,-0.7393,-90.3518,23.64,95,17,2.55,EC,1674619456
194,ngorongoro,-3.2397,35.4875,10.65,79,100,1.25,TZ,1674619457
195,georgiyevka,43.0369,74.7114,-15.98,85,20,3.0,KZ,1674619458
196,dawei,14.0833,98.2,29.7,39,62,4.18,MM,1674619459
197,kavieng,-2.5744,150.7967,28.54,68,91,2.78,PG,1674619461
198,coihaique,-45.5752,-72.0662,8.97,76,100,2.06,CL,1674619462
199,havre-saint-pierre,50.2334,-63.5986,-7.2,67,67,8.22,CA,1674619462
200,marsh harbour,26.5412,-77.0636,22.43,80,100,8.06,BS,1674619463
201,whitehorse,60.7161,-135.0538,-4.53,91,100,3.09,CA,1674619464
202,ponta do sol,32.6667,-17.1,16.35,59,4,4.54,PT,1674619465
203,iqaluit,63.7506,-68.5145,-31.84,67,75,12.86,CA,1674619467
204,umm lajj,25.0213,37.2685,20.49,69,0,1.84,SA,1674619467
205,boa vista,2.8197,-60.6733,22.99,73,0,2.06,BR,1674619469
206,northam,51.0333,-4.2167,4.78,97,75,0.84,GB,1674619470
207,harper,4.375,-7.7169,25.5,84,19,1.44,LR,1674619472
208,saint-philippe,-21.3585,55.7679,24.77,94,100,6.56,RE,1674619474
209,khatanga,71.9667,102.5,-31.8,88,100,1.48,RU,1674619475
210,ilo,-17.6394,-71.3375,21.51,87,86,1.68,PE,1674619476
211,poum,-20.2333,164.0167,28.24,75,14,2.87,NC,1674619477
212,san rafael,-34.6177,-68.3301,22.03,35,24,3.51,AR,1674619477
213,sao filipe,14.8961,-24.4956,20.87,71,100,2.83,CV,1674619478
214,komsomolskiy,40.4272,71.7189,-4.6,80,100,1.03,UZ,1674619479
215,samoded,63.6083,40.5111,-2.59,90,97,4.58,RU,1674619480
216,lorengau,-2.0226,147.2712,27.85,74,83,2.99,PG,1674619480
217,kendari,-3.945,122.4989,30.36,65,92,2.72,ID,1674619481
218,urucara,-2.5364,-57.76,22.18,98,99,0.92,BR,1674619483
219,fairbanks,64.8378,-147.7164,-16.77,83,97,0.5,US,1674619200
220,ilulissat,69.2167,-51.1,-7.99,67,20,10.29,GL,1674619484
221,shitanjing,39.2342,106.3439,-7.06,14,29,5.3,CN,1674619484
222,port lincoln,-34.7333,135.8667,22.16,50,3,7.34,AU,1674619485
223,scottsbluff,41.8666,-103.6672,-6.38,82,28,3.1,US,1674619273
224,morehead,37.2711,-87.1764,4.99,87,100,6.69,US,1674619486
225,panzhihua,26.5851,101.7128,13.61,47,93,0.62,CN,1674619237
226,batagay-alyta,67.8006,130.4114,-39.82,95,25,2.07,RU,1674619487
227,namibe,-15.1961,12.1522,23.38,84,51,0.49,AO,1674619488
228,bambous virieux,-20.3428,57.7575,23.45,94,75,1.54,MU,1674619489
229,syamzha,60.0158,41.0614,-8.96,96,96,3.14,RU,1674619489
230,dubbo,-32.25,148.6167,33.07,22,0,6.17,AU,1674619490
231,vostok,46.4856,135.8833,-28.38,91,100,4.61,RU,1674619491
232,kongsberg,59.6652,9.6465,5.23,100,100,2.43,NO,1674619492
233,naze,28.3667,129.4833,8.14,71,99,6.55,JP,1674619492
234,hasaki,35.7333,140.8333,2.38,36,75,11.11,JP,1674619493
235,khani,41.9563,42.9566,-1.24,46,0,2.17,GE,1674619494
236,helmstedt,52.2279,11.0099,0.24,94,17,2.24,DE,1674619495
237,paramonga,-10.6667,-77.8333,21.4,84,97,2.5,PE,1674619496
238,trelleborg,55.3751,13.1569,0.55,87,6,6.17,SE,1674619497
239,negara,-8.3151,114.6025,28.94,70,48,1.71,ID,1674619498
240,mehamn,71.0357,27.8492,-0.03,100,100,6.17,NO,1674619498
241,chor,25.5167,69.7667,13.89,16,0,3.94,PK,1674619499
242,mumford,5.2618,-0.759,26.1,88,24,3.09,GH,1674619500
243,palanga,55.9175,21.0686,3.01,93,100,3.09,LT,1674619500
244,tezu,27.9167,96.1667,23.85,23,6,1.71,IN,1674619501
245,samagaltay,50.6022,95.0047,-21.45,90,100,1.28,RU,1674619503
246,cap malheureux,-19.9842,57.6142,23.59,86,100,1.79,MU,1674619507
247,grindavik,63.8424,-22.4338,1.26,75,75,14.92,IS,1674619508
248,avera,33.194,-82.5271,7.73,82,90,3.72,US,1674619511
249,belaya gora,68.5333,146.4167,-34.62,99,100,0.68,RU,1674619512
250,nizhniy kuranakh,58.8353,125.4869,-28.47,92,100,0.06,RU,1674619514
251,kodiak,57.79,-152.4072,2.73,100,100,2.06,US,1674619514
252,ternate,0.8,127.4,28.17,75,56,1.81,ID,1674619516
253,kandrian,-6.2167,149.55,25.5,92,100,2.66,PG,1674619518
254,carnarvon,-24.8667,113.6333,30.67,54,1,4.94,AU,1674619520
255,bayangol,50.6977,103.4656,-18.82,81,99,0.71,RU,1674619521
256,katsuura,35.1333,140.3,1.27,33,38,7.94,JP,1674619523
257,eirunepe,-6.6603,-69.8736,21.99,99,38,1.02,BR,1674619524
258,abu dhabi,24.4667,54.3667,18.01,63,0,3.09,AE,1674618920
259,faanui,-16.4833,-151.75,27.54,75,100,6.74,PF,1674619525
260,dourados,-22.2211,-54.8056,23.38,76,41,2.01,BR,1674619423
261,bud,39.447,-86.1758,4.34,84,100,2.71,US,1674619527
262,ilebo,-4.3167,20.5833,20.98,99,100,0.73,CD,1674619529
263,tautira,-17.7333,-149.15,26.88,82,83,7.04,PF,1674619530
264,surdulica,42.6906,22.1708,2.31,93,97,0.99,RS,1674619531
265,faya,18.3851,42.4509,8.29,72,3,1.79,SA,1674619533
266,ahipara,-35.1667,173.1667,22.79,55,11,6.09,NZ,1674619534
267,nanortalik,60.1432,-45.2371,1.08,85,100,21.32,GL,1674619535
268,hofn,64.2539,-15.2082,4.2,64,60,6.25,IS,1674619284
269,priladozhskiy,59.85,31.4833,-1.93,1,100,5.06,RU,1674619537
270,la reforma,25.0833,-108.05,13.77,41,3,5.63,MX,1674619368
271,praia da vitoria,38.7333,-27.0667,14.31,96,87,7.62,PT,1674619539
272,halifax,44.6453,-63.5724,2.0,86,30,5.36,CA,1674619157
273,saint-augustin,51.226,-58.6502,-5.66,78,99,5.42,CA,1674619540
274,north bend,43.4065,-124.2243,6.62,96,0,0.0,US,1674619541
275,perth,-31.9333,115.8333,30.02,37,0,5.14,AU,1674619081
276,chumikan,54.7183,135.315,-29.49,81,100,8.41,RU,1674619542
277,bria,6.5423,21.9863,19.34,25,100,1.7,CF,1674619543
278,pozo colorado,-23.4923,-58.7972,28.12,60,27,3.0,PY,1674619544
279,sao miguel do araguaia,-13.275,-50.1628,21.72,95,97,1.01,BR,1674619545
280,kahului,20.8947,-156.47,25.01,78,40,2.68,US,1674619440
281,umm kaddadah,13.6017,26.6876,16.28,19,68,6.5,SD,1674619546
282,tiksi,71.6872,128.8694,-38.19,98,54,3.76,RU,1674619548
283,lavrentiya,65.5833,-171.0,-26.28,92,5,5.78,RU,1674619548
284,salalah,17.0151,54.0924,24.05,64,75,4.12,OM,1674619550
285,kitimat,54.0524,-128.6534,4.95,29,100,0.45,CA,1674619550
286,cidreira,-30.1811,-50.2056,24.23,85,16,4.9,BR,1674619416
287,puerto escondido,15.85,-97.0667,24.46,78,0,0.0,MX,1674619551
288,banda aceh,5.5577,95.3222,28.33,68,88,3.88,ID,1674619552
289,grand-santi,4.25,-54.3833,19.49,99,14,1.02,GF,1674619553
290,senanga,-16.1167,23.2667,18.22,96,100,1.42,ZM,1674619554
291,hamilton,39.1834,-84.5333,4.44,79,75,0.89,US,1674619319
292,sao gabriel da cachoeira,-0.1303,-67.0892,23.26,88,74,0.32,BR,1674619555
293,yenangyaung,20.4667,94.8833,26.03,28,5,2.27,MM,1674619556
294,xining,36.6167,101.7667,-2.68,13,98,1.47,CN,1674619556
295,nha trang,12.25,109.1833,25.0,79,93,9.08,VN,1674619557
296,isangel,-19.55,169.2667,30.21,69,17,3.5,VU,1674619557
297,ketchikan,55.3422,-131.6461,8.26,93,100,4.12,US,1674619430
298,sangar,63.9242,127.4739,-42.05,95,61,1.57,RU,1674619559
299,santo antonio do monte,-20.0872,-45.2936,19.07,95,100,0.6,BR,1674619560
300,san cristobal,7.7669,-72.225,19.1,76,63,1.08,VE,1674619561
301,stokmarknes,68.5646,14.9108,0.98,100,100,1.03,NO,1674619562
302,ballina,-28.8667,153.5667,33.34,57,49,5.57,AU,1674619563
303,lasa,46.6166,10.7002,0.2,78,90,0.87,IT,1674619564
304,mandalgovi,45.7625,106.2708,-16.24,54,100,6.35,MN,1674619565
305,birao,10.2849,22.7882,18.84,26,49,2.93,CF,1674619567
306,klyuchi,52.2667,79.1667,-10.63,94,100,5.89,RU,1674619568
307,constitucion,-35.3333,-72.4167,13.44,77,0,6.49,CL,1674619532
308,mount gambier,-37.8333,140.7667,23.65,37,45,6.12,AU,1674619526
309,huanren,41.2647,125.3667,-15.48,47,64,2.47,CN,1674619572
310,bukachacha,52.9833,116.9167,-23.47,70,26,0.72,RU,1674619573
311,dafeng,23.4517,108.5881,12.22,31,33,2.07,CN,1674619574
312,nuuk,64.1835,-51.7216,-5.04,74,100,5.88,GL,1674619285
313,tolisa,44.8818,18.3201,1.73,98,100,1.03,BA,1674619575
314,zhoucun,36.8167,117.8167,-2.83,8,0,5.39,CN,1674619576
315,petropavlovsk-kamchatskiy,53.0452,158.6483,-5.67,58,75,7.0,RU,1674619577
316,soroca,48.1558,28.2975,-0.13,69,100,2.02,MD,1674619578
317,derzhavinsk,51.1,66.3167,-18.28,100,85,4.13,KZ,1674619579
318,geraldton,-28.7667,114.6,30.23,42,0,7.72,AU,1674619580
319,ornskoldsvik,63.2909,18.7153,3.53,93,40,4.63,SE,1674619581
320,hervey bay,-25.2986,152.8535,26.38,67,23,3.55,AU,1674619582
321,anau,-16.5167,-151.7333,27.49,75,100,6.72,PF,1674619583
322,magistralnyy,56.1725,107.4458,-19.48,93,100,2.08,RU,1674619584
323,leningradskiy,69.3833,178.4167,-31.2,93,19,3.87,RU,1674619582
324,zhangye,38.9342,100.4517,-10.66,42,95,2.0,CN,1674619585
325,nalut,30.3333,10.85,5.82,72,0,4.39,LY,1674619586
326,coos bay,43.3665,-124.2179,6.66,97,0,0.0,US,1674619570
327,korla,41.7597,86.1469,-10.88,68,49,2.41,CN,1674619588
328,mount isa,-20.7333,139.5,35.87,32,75,3.6,AU,1674619588
329,nakamura,32.9833,132.9333,3.16,46,56,4.86,JP,1674619589
330,saint-michel-des-saints,46.6834,-73.9159,-21.67,99,66,1.16,CA,1674619590
331,nikolskoye,59.7035,30.7861,-0.05,94,100,4.19,RU,1674619545
332,atbasar,51.8,68.3333,-17.95,99,91,3.79,KZ,1674619591
333,aykhal,66.0,111.5,-34.07,100,59,1.44,RU,1674619591
334,surt,31.2089,16.5887,13.08,44,0,1.78,LY,1674619592
335,lucapa,-8.4192,20.7447,17.82,95,100,1.49,AO,1674619593
336,alice town,25.7167,-79.3,23.66,80,72,9.19,BS,1674619593
337,kupang,-10.1667,123.5833,30.32,74,75,3.09,ID,1674619594
338,palmer,42.1584,-72.3287,1.65,71,100,3.6,US,1674619522
339,evensk,61.95,159.2333,-12.28,82,100,12.11,RU,1674619595
340,mana,5.6592,-53.7767,23.13,81,13,3.55,GF,1674619577
341,gushikawa,26.3544,127.8686,13.77,62,75,7.72,JP,1674619596
342,neiafu,-18.65,-173.9833,30.38,70,20,3.09,TO,1674619596
343,port hardy,50.6996,-127.4199,6.1,100,100,0.0,CA,1674619597
344,auki,-8.7676,160.7034,29.15,66,99,1.32,SB,1674619598
345,humaita,-7.5061,-63.0208,23.14,98,100,2.62,BR,1674619598
346,ugoofaaru,5.6667,73.0,26.18,81,100,5.22,MV,1674619599
347,narsaq,60.9167,-46.05,3.12,77,100,9.4,GL,1674619585
348,araouane,18.9048,-3.5265,19.37,18,0,4.36,ML,1674619600
349,tabuk,17.4189,121.4443,17.98,90,100,4.62,PH,1674619601
350,bairnsdale,-37.8333,147.6167,27.81,52,0,2.24,AU,1674619602
351,sampit,-2.5333,112.95,28.6,73,100,2.92,ID,1674619603
352,bhanpuri,21.1,80.9167,23.99,28,67,2.22,IN,1674619604
353,christchurch,-43.5333,172.6333,22.45,64,75,10.8,NZ,1674619604
354,nhulunbuy,-12.2333,136.7667,27.34,89,75,2.57,AU,1674619605
355,honiara,-9.4333,159.95,29.86,68,93,2.54,SB,1674619605
356,muravlenko,63.7898,74.523,-14.63,96,100,6.18,RU,1674619606
357,itarema,-2.9248,-39.9167,24.5,85,14,2.38,BR,1674619607
358,fort nelson,58.8053,-122.7002,-8.1,96,98,0.7,CA,1674619608
359,santa rosa,14.3122,121.1114,28.99,60,87,9.61,PH,1674619599
360,filiatra,37.15,21.5833,12.05,72,100,4.24,GR,1674619609
361,doka,13.5167,35.7667,21.3,57,3,3.31,SD,1674619609
362,necochea,-38.5473,-58.7368,16.28,55,46,4.37,AR,1674619610
363,novyy buh,47.6931,32.5216,-2.96,84,6,2.97,UA,1674619611
364,wundanyi,-3.4019,38.364,15.37,95,100,1.4,KE,1674619611
365,vardo,70.3705,31.1107,-1.01,74,20,10.8,NO,1674619612
366,raja sansi,31.7192,74.7978,12.99,94,100,2.06,IN,1674619613
367,bahia de caraquez,-0.6,-80.4167,26.1,84,86,3.39,EC,1674619614
368,kaura namoda,12.5898,6.5779,21.17,18,27,4.31,NG,1674619614
369,touros,-5.1989,-35.4608,25.52,73,4,3.82,BR,1674619299
370,poya,-21.35,165.15,29.81,72,30,2.45,NC,1674619615
371,vanimo,-2.6741,141.3028,29.54,66,98,3.27,PG,1674619616
372,inuvik,68.3499,-133.7218,-17.95,98,100,2.24,CA,1674619616
373,marsaxlokk,35.8419,14.5431,10.6,81,20,3.09,MT,1674619617
374,stonewall,50.1344,-97.3268,-15.72,96,27,3.3,CA,1674619618
375,voh,-20.9667,164.7,29.69,73,35,1.64,NC,1674619618
376,belle fourche,44.6714,-103.8522,0.6,83,70,6.63,US,1674619619
377,japura,-0.3167,102.35,27.55,69,100,2.66,ID,1674619619
378,kulhudhuffushi,6.6221,73.07,26.67,77,97,5.45,MV,1674619620
379,boldumsaz,42.1282,59.671,-9.03,65,100,1.18,TM,1674619621
380,kamenka,51.3223,42.7678,-10.4,89,15,1.92,RU,1674619621
381,quezon,7.7303,125.0989,24.61,78,100,3.67,PH,1674619622
382,dembi dolo,8.5333,34.8,16.12,44,16,1.81,ET,1674619623
383,surandai,8.9667,77.4,24.6,65,22,3.06,IN,1674619624
384,southbridge,42.0751,-72.0334,1.07,87,35,0.45,US,1674619625
385,fukue,32.6881,128.8419,2.05,59,100,5.73,JP,1674619626
386,lebedinyy,58.5167,125.5167,-30.56,87,100,0.97,RU,1674619610
387,nioro,13.35,-15.75,21.31,62,88,2.2,GM,1674619627
388,ulladulla,-35.35,150.4667,25.48,62,4,5.64,AU,1674619628
389,susangerd,31.5608,48.1831,11.91,59,0,0.8,IR,1674619628
390,arona,28.0996,-16.681,14.35,58,20,5.66,ES,1674619518
391,tupi paulista,-21.3811,-51.5706,23.22,83,28,2.35,BR,1674619630
392,westport,41.1415,-73.3579,3.99,63,0,2.06,US,1674619440
393,caravelas,-17.7125,-39.2481,25.21,88,100,4.13,BR,1674619631
394,kropotkin,45.4375,40.5756,-1.07,84,5,4.2,RU,1674619632
395,melville,40.7934,-73.4151,4.31,61,20,2.57,US,1674619633
396,simdega,22.6167,84.5167,24.67,23,8,1.16,IN,1674619634
397,laurel,39.0993,-76.8483,4.24,75,0,1.54,US,1674619634
398,bognor regis,50.7821,-0.6798,3.39,91,40,2.03,GB,1674619635
399,tagusao,9.1924,117.8141,28.62,64,81,3.47,PH,1674619636
400,shahpur,16.7,76.8333,23.26,49,30,6.48,IN,1674619636
401,bandarbeyla,9.4942,50.8122,24.54,67,71,7.28,SO,1674619637
402,haines junction,60.7522,-137.5108,-7.32,98,99,1.6,CA,1674619638
403,asau,46.4333,26.4,-2.49,90,86,1.35,RO,1674619639
404,san joaquin,37.9333,-121.3011,9.09,71,0,1.54,US,1674619640
405,kigoma,-4.8769,29.6267,21.64,83,100,1.11,TZ,1674619640
406,puerto narino,-3.7703,-70.3831,21.94,99,84,0.79,CO,1674619641
407,samana,19.2056,-69.3369,23.29,78,7,3.95,DO,1674619642
408,sinegorye,62.0788,150.477,-29.53,97,100,0.97,RU,1674619642
409,srednekolymsk,67.45,153.6833,-29.58,92,100,1.17,RU,1674619641
410,nago,26.5881,127.9761,14.24,68,100,5.58,JP,1674619441
411,mednogorskiy,43.9178,41.1825,0.31,60,1,1.49,RU,1674619644
412,clyde river,70.4692,-68.5914,-31.18,93,100,0.86,CA,1674619634
413,manta,-0.95,-80.7333,25.88,78,75,3.09,EC,1674619645
414,esso,55.9333,158.7,-16.47,100,100,2.08,RU,1674619646
415,yuli,9.6989,10.2744,21.38,19,58,2.74,NG,1674619647
416,beatrice,40.2681,-96.747,0.05,100,100,2.57,US,1674619648
417,yatou,37.15,122.3833,-5.11,57,11,4.9,CN,1674619649
418,marawi,7.9986,124.2928,21.94,84,100,2.56,PH,1674619552
419,plouzane,48.3833,-4.6167,5.1,81,100,3.09,FR,1674619650
420,verkhnyaya inta,65.9811,60.3094,-10.49,91,100,9.38,RU,1674619651
421,akhnur,32.8667,74.7333,11.76,83,54,2.32,IN,1674619651
422,contamana,-7.3333,-75.0167,24.14,76,38,1.95,PE,1674619652
423,miramar,25.9873,-80.2323,24.44,82,75,6.17,US,1674619652
424,nemuro,43.3236,145.575,-9.86,59,45,12.53,JP,1674619653
425,lahad datu,5.0268,118.327,27.17,85,79,0.95,MY,1674619654
426,olhao,37.0286,-7.8411,6.94,63,0,5.14,PT,1674619655
427,mon,26.75,95.1,21.58,37,10,1.69,IN,1674619655
428,ulaangom,49.9811,92.0667,-23.44,95,100,0.66,MN,1674619656
429,listvyanskiy,54.4399,83.4984,-13.53,95,100,4.29,RU,1674619657
430,tabou,4.423,-7.3528,25.34,86,23,1.41,CI,1674619657
431,jianhu,29.9799,120.5712,-0.03,21,1,1.68,CN,1674619658
432,kyra,49.5776,111.9753,-19.27,75,18,1.67,RU,1674619658
433,sal rei,16.1833,-22.9167,20.68,67,69,2.84,CV,1674619659
434,hulshout,51.0757,4.7945,0.55,87,14,1.79,BE,1674619659
435,rawlins,41.7911,-107.2387,-11.06,79,100,3.58,US,1674619660
436,benjamin constant,-4.3831,-70.0311,24.07,99,95,1.04,BR,1674619661
437,huilong,31.8111,121.655,2.74,48,31,0.78,CN,1674619661
438,sorland,67.667,12.6934,6.92,93,100,11.99,NO,1674619662
439,mangrol,21.1167,70.1167,17.64,46,0,6.76,IN,1674619435
440,ostrovnoy,68.0531,39.5131,-4.28,86,100,11.22,RU,1674619663
441,batamshinskiy,50.5594,58.2747,-15.53,95,33,3.54,KZ,1674619664
442,iquitos,-3.7481,-73.2472,23.02,94,75,0.0,PE,1674619555
443,soubre,5.7856,-6.6083,22.43,97,30,1.05,CI,1674619665
444,rey bouba,8.6724,14.1786,22.27,22,57,1.16,CM,1674619666
445,ixtapa,20.7,-105.2,21.57,78,0,1.54,MX,1674619666
446,husavik,66.0449,-17.3389,1.06,96,100,9.78,IS,1674619549
447,luanda,-8.8368,13.2343,25.0,78,75,2.57,AO,1674619512
448,kjollefjord,70.9457,27.3465,1.03,100,100,6.17,NO,1674619668
449,sorong,-0.8833,131.25,28.93,68,100,2.38,ID,1674619668
450,pinega,64.7001,43.3936,-5.42,92,100,4.98,RU,1674619669
451,great yarmouth,52.6083,1.7305,2.79,91,7,3.57,GB,1674619669
452,olafsvik,64.8945,-23.7142,0.34,76,89,9.95,IS,1674619670
453,roma,43.2128,-75.4557,-0.27,86,0,2.06,US,1674619671
454,bairiki,1.3292,172.9752,29.0,74,75,5.14,KI,1674619583
455,pisco,-13.7,-76.2167,21.03,83,0,2.57,PE,1674619672
456,sovetskiy,61.3614,63.5842,-10.99,91,84,4.29,RU,1674619672
457,aloleng,16.1307,119.7824,28.4,50,87,5.87,PH,1674619673
458,hammerfest,70.6634,23.6821,1.25,93,75,6.17,NO,1674619674
459,hambantota,6.1241,81.1185,26.19,83,20,3.09,LK,1674619563
460,acarau,-2.8856,-40.12,24.58,86,13,2.34,BR,1674619675
461,shagonar,51.5333,92.8,-22.62,93,100,0.09,RU,1674619676
462,surovikino,48.6078,42.8486,-8.26,84,11,2.43,RU,1674619677
463,petatlan,17.5167,-101.2667,21.7,62,0,1.66,MX,1674619383
464,shawville,45.6001,-76.4827,-16.25,98,49,0.89,CA,1674619678
465,kudahuvadhoo,2.6708,72.8944,26.56,77,97,3.44,MV,1674619567
466,ishigaki,24.3448,124.1572,14.85,63,100,8.68,JP,1674619679
467,xichang,27.8964,102.2634,10.58,50,99,1.38,CN,1674619679
468,roros,62.5747,11.3842,6.91,65,100,2.57,NO,1674619680
469,tupaciguara,-18.5922,-48.705,18.88,95,100,1.59,BR,1674619681
470,nizhnevartovsk,60.9344,76.5531,-12.99,85,100,5.0,RU,1674619682
471,ambunti,-4.2365,142.8448,34.12,50,99,0.76,PG,1674619682
472,olinda,-8.0089,-34.8553,25.85,69,40,2.57,BR,1674619683
473,san juan,-31.5375,-68.5364,22.26,61,2,10.76,AR,1674619656
474,beringovskiy,63.05,179.3167,-24.33,95,88,5.77,RU,1674619685
475,anchorage,61.2181,-149.9003,6.56,63,40,10.29,US,1674619639
476,nome,64.5011,-165.4064,-21.96,64,0,4.12,US,1674619616
477,viking,53.1001,-111.7684,-3.31,86,76,4.75,CA,1674619687
478,coolum beach,-26.5333,153.1,32.41,71,88,0.45,AU,1674619688
479,tilichiki,60.4667,166.1,-11.77,81,100,4.47,RU,1674619690
480,ilhabela,-23.7781,-45.3581,23.77,89,13,1.65,BR,1674619691
481,kerman,30.2832,57.0788,-0.85,43,0,1.0,IR,1674619692
482,mega,4.05,38.3,15.4,52,75,2.99,ET,1674619693
483,bijie,27.3125,105.2942,3.65,52,14,1.69,CN,1674619694
484,kushiro,42.975,144.3747,-9.68,66,72,11.02,JP,1674619694
485,dongsheng,39.8161,109.9776,-10.63,26,100,5.82,CN,1674619695
486,coahuayana,18.7333,-103.6833,20.08,80,0,1.28,MX,1674619696
487,panguipulli,-39.6333,-72.3333,7.55,86,0,0.87,CL,1674619464
488,beloha,-25.1667,45.05,24.84,78,82,8.77,MG,1674619693
489,tarauaca,-8.1614,-70.7656,21.51,96,22,0.58,BR,1674619697
490,rochester,43.1548,-77.6156,1.16,81,100,3.6,US,1674619478
491,kalur kot,32.1564,71.2594,11.81,57,0,1.37,PK,1674619699
492,balclutha,-46.2339,169.75,17.83,68,97,2.68,NZ,1674619699
493,kodinsk,58.6881,99.1844,-25.47,98,88,0.25,RU,1674619700
494,mani,4.8172,-72.2886,25.11,57,14,2.26,CO,1674619701
495,los llanos de aridane,28.6585,-17.9182,14.86,78,100,3.6,ES,1674619589
496,tandil,-37.3217,-59.1332,12.6,82,2,4.82,AR,1674619671
497,kijang,35.2442,129.2139,-3.71,17,0,1.83,KR,1674619671
498,hobbs,32.7026,-103.136,1.48,79,100,3.6,US,1674619527
499,benghazi,32.1167,20.0667,14.33,65,93,8.61,LY,1674619540
500,otradnoye,59.7775,30.8181,0.05,94,100,4.28,RU,1674619705
501,yulara,-25.2406,130.9889,37.36,12,92,4.48,AU,1674619660
502,nara,34.6851,135.8049,1.94,39,96,5.06,JP,1674619470
503,novoagansk,61.9449,76.6625,-15.29,95,100,5.51,RU,1674619707
504,solnechnyy,50.7214,136.6319,-24.65,94,100,2.92,RU,1674619708
505,bambanglipuro,-7.95,110.2833,28.09,77,99,4.57,ID,1674619708
506,aleksandrovsk-sakhalinskiy,50.8975,142.1561,-17.6,99,100,8.36,RU,1674619710
507,bubaque,11.2833,-15.8333,23.31,81,94,5.68,GW,1674619710
508,raudeberg,61.9875,5.1352,8.31,1,100,14.97,NO,1674619606
509,cortez,37.3489,-108.5859,-7.58,73,0,1.54,US,1674619711
510,balaka,-14.9793,34.9558,19.75,94,100,1.21,MW,1674619713
511,killybegs,54.6333,-8.45,9.36,93,100,6.75,IE,1674619713
512,qaqortoq,60.7167,-46.0333,-0.86,74,100,12.07,GL,1674619675
513,jalu,29.0331,21.5482,10.94,63,0,4.88,LY,1674619604
514,hun,29.1268,15.9477,9.7,58,0,3.63,LY,1674619653
515,zhenlai,45.8495,123.2973,-14.55,40,86,3.93,CN,1674619715
516,port keats,-14.25,129.55,28.0,80,94,2.86,AU,1674619715
517,novoseleznevo,55.6821,69.2056,-11.4,90,50,5.9,RU,1674619716
518,gunjur,13.2019,-16.7339,20.04,94,0,1.54,GM,1674619717
519,sao felix do xingu,-6.6447,-51.995,21.85,98,100,0.21,BR,1674619718
520,kargil,34.5667,76.1,-10.83,92,100,0.85,IN,1674619719
521,santa clarita,34.3917,-118.5426,14.08,32,0,2.24,US,1674619097
522,labuhan,-6.8844,112.2051,29.37,70,92,4.02,ID,1674619593
523,tromso,69.6496,18.957,0.21,93,100,4.12,NO,1674619683
524,lingao,19.9103,109.6859,17.26,64,72,7.16,CN,1674619721
525,lethem,3.3803,-59.7968,24.12,71,35,5.38,GY,1674619722
526,elizabeth city,36.2946,-76.2511,3.0,93,0,2.57,US,1674619722
527,smithers,54.7804,-127.1743,0.18,100,100,1.03,CA,1674619542
528,charcas,23.1333,-101.1167,11.88,28,0,3.96,MX,1674619723
529,omboue,-1.5746,9.2618,25.12,89,83,2.23,GA,1674619637
530,sisimiut,66.9395,-53.6735,-9.05,74,83,8.99,GL,1674619724
531,caborca,30.5838,-111.101,8.13,45,0,2.45,MX,1674619502
532,barra do garcas,-15.89,-52.2567,21.4,98,84,1.07,BR,1674619726
533,ancud,-41.8697,-73.8203,11.52,84,65,2.05,CL,1674619572
534,lashio,22.9333,97.75,22.71,27,6,0.76,MM,1674619727
535,mao,39.8885,4.2658,6.31,93,75,2.57,ES,1674619727
536,novoselitskoye,44.7508,43.4369,-2.52,93,79,4.03,RU,1674619728
537,acajutla,13.5928,-89.8275,24.63,78,14,3.93,SV,1674619729
538,bukoba,-1.3317,31.8122,19.28,81,100,1.39,TZ,1674619729
539,mogadishu,2.0371,45.3438,24.13,82,16,7.83,SO,1674619594
540,rawson,-43.3002,-65.1023,18.72,31,0,5.66,AR,1674619730
541,san quintin,30.4833,-115.95,12.87,53,17,2.3,MX,1674619619
542,padilla,3.2204,-76.3139,18.76,89,95,1.69,CO,1674619731
543,garowe,8.4054,48.4845,18.17,83,8,4.56,SO,1674619526
544,torzhok,57.0436,34.9622,-6.09,95,62,1.89,RU,1674619732
545,nizwa,22.9333,57.5333,14.47,69,0,1.18,OM,1674619673
546,parabel,58.6978,81.4825,-26.43,96,68,2.63,RU,1674619733
547,sakaiminato,35.55,133.2333,-2.04,68,100,8.04,JP,1674619734
548,washington,47.5001,-120.5015,5.54,94,99,1.16,US,1674619608
549,gayny,60.3071,54.3241,-11.78,94,100,3.91,RU,1674619736
550,timra,62.487,17.3257,-6.18,100,100,0.0,SE,1674619736
551,ontario,34.0633,-117.6509,14.15,45,20,3.13,US,1674619737
